Channel,SW Version,2020.1
Link 0,Date and Time Started,2025-Aug-09 19:00:59
Link 0,Date and Time Ended,2025-Aug-09 19:01:21
Link 0,Scan Name,Channel 0
Link 0,Link Settings,
Link 0,Reset RX After Applying Settings,false
Link 0,Open Area,4224
Link 0,Horizontal Opening,25
Link 0,Horizontal Percentage,44.44
Link 0,Vertical Opening,161
Link 0,Vertical Percentage,67.74
Link 0,Dwell,BER
Link 0,Dwell BER,1e-9
Link 0,Dwell Time,0
Link 0,Horizontal Increment,8
Link 0,Horizontal Range,-0.500 UI to 0.500 UI
Link 0,Vertical Increment,8
Link 0,Vertical Range,100%
Link 0,Misc Info,
Link 0,Scan Start
Link 0,2d statistical,-32,-24,-16,-8,0,8,16,24,32
Link 0,120,0.249996,0.249996,0.190473,0.0645151,0.0512813,0.0769219,0.235291,0.249996,0.249996
Link 0,112,0.249996,0.249996,0.124998,0.0248443,0.0182646,0.0363631,0.249996,0.235291,0.249996
Link 0,104,0.249996,0.249996,0.0634911,0.00519473,0.00343048,0.0147057,0.222219,0.235291,0.249996
Link 0,96,0.249996,0.249996,0.0227269,0.000646821,0.000263327,0.00387591,0.199997,0.235291,0.249996
Link 0,88,0.249996,0.222219,0.0061443,4.89837e-05,2.10016e-06,0.000850508,0.153844,0.235291,0.249996
Link 0,80,0.249996,0.181815,0.000857252,3.92093e-07,9.31337e-10,7.67816e-05,0.108106,0.235291,0.249996
Link 0,72,0.249996,0.12903,7.84087e-05,9.31337e-10,9.31337e-10,4.59335e-06,0.0634911,0.235291,0.235291
Link 0,64,0.249996,0.0799988,5.59361e-06,9.31337e-10,9.31337e-10,2.021e-07,0.0336129,0.235291,0.249996
Link 0,56,0.249996,0.0459763,3.80917e-07,9.31337e-10,9.31337e-10,2.79401e-09,0.0159998,0.199997,0.249996
Link 0,48,0.249996,0.0224716,1.30387e-08,9.31337e-10,9.31337e-10,9.31337e-10,0.0060422,0.17391,0.266663
Link 0,40,0.235291,0.00790502,9.31337e-10,9.31337e-10,9.31337e-10,9.31337e-10,0.00147165,0.12903,0.266663
Link 0,32,0.235291,0.00203663,9.31337e-10,9.31337e-10,9.31337e-10,9.31337e-10,0.000245455,0.0833321,0.249996
Link 0,24,0.222219,0.00063011,9.31337e-10,9.31337e-10,9.31337e-10,9.31337e-10,4.22063e-05,0.048192,0.266663
Link 0,16,0.235291,0.000161353,9.31337e-10,9.31337e-10,9.31337e-10,9.31337e-10,4.69207e-06,0.0227269,0.266663
Link 0,8,0.210523,3.19942e-05,9.31337e-10,9.31337e-10,9.31337e-10,9.31337e-10,2.01169e-07,0.00854688,0.266663
Link 0,0,0.222219,1.61438e-05,9.31337e-10,9.31337e-10,9.31337e-10,9.31337e-10,2.24452e-07,0.00541997,0.266663
Link 0,-8,0.222219,2.69361e-05,9.31337e-10,9.31337e-10,9.31337e-10,9.31337e-10,5.15961e-07,0.00630905,0.28571
Link 0,-16,0.210523,0.000124191,9.31337e-10,9.31337e-10,9.31337e-10,9.31337e-10,5.05995e-06,0.0150374,0.28571
Link 0,-24,0.235291,0.000440425,9.31337e-10,9.31337e-10,9.31337e-10,9.31337e-10,3.24301e-05,0.0327864,0.249996
Link 0,-32,0.249996,0.00155217,9.31337e-10,9.31337e-10,9.31337e-10,9.31337e-10,0.000152367,0.0597006,0.249996
Link 0,-40,0.235291,0.00565762,9.31337e-10,9.31337e-10,9.31337e-10,9.31337e-10,0.000880268,0.105262,0.266663
Link 0,-48,0.249996,0.0163263,9.31337e-10,9.31337e-10,9.31337e-10,9.31337e-10,0.00361331,0.153844,0.235291
Link 0,-56,0.249996,0.0404034,6.98503e-08,9.31337e-10,9.31337e-10,9.31337e-10,0.0106665,0.190473,0.235291
Link 0,-64,0.249996,0.0740729,1.84591e-06,9.31337e-10,9.31337e-10,7.35756e-08,0.0242421,0.222219,0.249996
Link 0,-72,0.249996,0.12903,3.30103e-05,9.31337e-10,9.31337e-10,1.69503e-06,0.049382,0.249996,0.235291
Link 0,-80,0.249996,0.190473,0.00053418,7.45069e-09,9.31337e-10,3.34788e-05,0.0930218,0.235291,0.249996
Link 0,-88,0.249996,0.235291,0.00562579,6.64509e-06,6.51936e-08,0.00043859,0.148146,0.235291,0.249996
Link 0,-96,0.249996,0.249996,0.0253161,0.000313598,9.4041e-05,0.00279716,0.181815,0.249996,0.249996
Link 0,-104,0.249996,0.249996,0.0816314,0.00646194,0.00391767,0.0132888,0.222219,0.235291,0.249996
Link 0,-112,0.249996,0.249996,0.159998,0.0373826,0.0294113,0.0404034,0.249996,0.235291,0.249996
Link 0,-120,0.249996,0.249996,0.222219,0.105262,0.0833321,0.0833321,0.249996,0.249996,0.249996
Link 0,Scan End
Link 1,Date and Time Started,2025-Aug-09 19:01:21
Link 1,Date and Time Ended,2025-Aug-09 19:01:22
Link 1,Scan Name,Channel 1
Link 1,Link Settings,
Link 1,Reset RX After Applying Settings,false
Link 1,Open Area,0
Link 1,Horizontal Opening,0
Link 1,Horizontal Percentage,0.00
Link 1,Vertical Opening,0
Link 1,Vertical Percentage,0.00
Link 1,Dwell,BER
Link 1,Dwell BER,1e-9
Link 1,Dwell Time,0
Link 1,Horizontal Increment,8
Link 1,Horizontal Range,-0.500 UI to 0.500 UI
Link 1,Vertical Increment,8
Link 1,Vertical Range,100%
Link 1,Misc Info,
Link 1,Scan Start
Link 1,2d statistical,-32,-24,-16,-8,0,8,16,24,32
Link 1,120,0.363631,0.444438,0.444438,0.363631,0.57142,0.444438,0.499992,0.57142,0.333328
Link 1,112,0.307688,0.444438,0.444438,0.444438,0.499992,0.444438,0.499992,0.499992,0.399994
Link 1,104,0.333328,0.444438,0.444438,0.444438,0.499992,0.499992,0.444438,0.444438,0.363631
Link 1,96,0.363631,0.399994,0.444438,0.399994,0.499992,0.444438,0.499992,0.444438,0.363631
Link 1,88,0.363631,0.444438,0.444438,0.363631,0.499992,0.499992,0.399994,0.499992,0.399994
Link 1,80,0.333328,0.444438,0.399994,0.363631,0.499992,0.399994,0.444438,0.499992,0.399994
Link 1,72,0.363631,0.444438,0.444438,0.444438,0.499992,0.499992,0.499992,0.499992,0.399994
Link 1,64,0.363631,0.399994,0.444438,0.444438,0.444438,0.444438,0.499992,0.444438,0.444438
Link 1,56,0.333328,0.444438,0.399994,0.363631,0.499992,0.444438,0.399994,0.399994,0.399994
Link 1,48,0.399994,0.444438,0.444438,0.399994,0.444438,0.399994,0.399994,0.499992,0.444438
Link 1,40,0.444438,0.444438,0.399994,0.444438,0.444438,0.444438,0.399994,0.57142,0.399994
Link 1,32,0.444438,0.444438,0.399994,0.444438,0.444438,0.399994,0.444438,0.499992,0.399994
Link 1,24,0.444438,0.444438,0.399994,0.499992,0.444438,0.444438,0.399994,0.499992,0.444438
Link 1,16,0.399994,0.444438,0.444438,0.444438,0.444438,0.444438,0.444438,0.444438,0.399994
Link 1,8,0.444438,0.444438,0.444438,0.399994,0.444438,0.499992,0.399994,0.444438,0.499992
Link 1,0,0.444438,0.399994,0.399994,0.444438,0.399994,0.444438,0.399994,0.499992,0.444438
Link 1,-8,0.363631,0.333328,0.307688,0.307688,0.307688,0.28571,0.307688,0.307688,0.363631
Link 1,-16,0.57142,0.499992,0.499992,0.444438,0.499992,0.499992,0.57142,0.499992,0.499992
Link 1,-24,0.499992,0.666656,0.57142,0.499992,0.666656,0.499992,0.57142,0.666656,0.499992
Link 1,-32,0.57142,0.57142,0.666656,0.499992,0.666656,0.57142,0.499992,0.57142,0.57142
Link 1,-40,0.666656,0.57142,0.57142,0.499992,0.666656,0.57142,0.499992,0.666656,0.499992
Link 1,-48,0.57142,0.57142,0.57142,0.499992,0.666656,0.57142,0.499992,0.57142,0.57142
Link 1,-56,0.57142,0.499992,0.666656,0.499992,0.57142,0.57142,0.666656,0.57142,0.499992
Link 1,-64,0.57142,0.666656,0.57142,0.499992,0.666656,0.57142,0.57142,0.57142,0.499992
Link 1,-72,0.499992,0.499992,0.666656,0.499992,0.666656,0.499992,0.666656,0.57142,0.499992
Link 1,-80,0.57142,0.666656,0.57142,0.499992,0.666656,0.57142,0.57142,0.57142,0.57142
Link 1,-88,0.499992,0.57142,0.57142,0.499992,0.666656,0.57142,0.499992,0.666656,0.499992
Link 1,-96,0.444438,0.666656,0.499992,0.57142,0.57142,0.666656,0.499992,0.666656,0.444438
Link 1,-104,0.444438,0.666656,0.57142,0.499992,0.666656,0.57142,0.57142,0.57142,0.444438
Link 1,-112,0.499992,0.57142,0.57142,0.499992,0.666656,0.57142,0.666656,0.57142,0.444438
Link 1,-120,0.444438,0.666656,0.499992,0.499992,0.666656,0.499992,0.57142,0.666656,0.444438
Link 1,Scan End
Link 2,Date and Time Started,2025-Aug-09 19:01:22
Link 2,Date and Time Ended,2025-Aug-09 19:01:23
Link 2,Scan Name,Channel 2
Link 2,Link Settings,
Link 2,Reset RX After Applying Settings,false
Link 2,Open Area,0
Link 2,Horizontal Opening,0
Link 2,Horizontal Percentage,0.00
Link 2,Vertical Opening,0
Link 2,Vertical Percentage,0.00
Link 2,Dwell,BER
Link 2,Dwell BER,1e-9
Link 2,Dwell Time,0
Link 2,Horizontal Increment,8
Link 2,Horizontal Range,-0.500 UI to 0.500 UI
Link 2,Vertical Increment,8
Link 2,Vertical Range,100%
Link 2,Misc Info,
Link 2,Scan Start
Link 2,2d statistical,-32,-24,-16,-8,0,8,16,24,32
Link 2,120,0.666656,0.799988,0.799988,0.799988,0.799988,0.666656,0.799988,0.999985,0.57142
Link 2,112,0.666656,0.799988,0.799988,0.799988,0.999985,0.666656,0.799988,0.799988,0.799988
Link 2,104,0.666656,0.666656,0.799988,0.799988,0.999985,0.666656,0.799988,0.999985,0.666656
Link 2,96,0.57142,0.799988,0.799988,0.799988,0.799988,0.666656,0.799988,0.799988,0.799988
Link 2,88,0.666656,0.666656,0.799988,0.799988,0.799988,0.666656,0.799988,0.799988,0.799988
Link 2,80,0.666656,0.666656,0.799988,0.799988,0.799988,0.799988,0.799988,0.799988,0.799988
Link 2,72,0.666656,0.666656,0.799988,0.799988,0.999985,0.666656,0.799988,0.999985,0.666656
Link 2,64,0.799988,0.666656,0.799988,0.799988,0.799988,0.799988,0.799988,0.799988,0.799988
Link 2,56,0.666656,0.799988,0.799988,0.799988,0.799988,0.799988,0.799988,0.799988,0.799988
Link 2,48,0.799988,0.799988,0.799988,0.799988,0.799988,0.799988,0.799988,0.799988,0.799988
Link 2,40,0.799988,0.799988,0.799988,0.799988,0.799988,0.799988,0.799988,0.799988,0.799988
Link 2,32,0.666656,0.799988,0.799988,0.799988,0.799988,0.799988,0.666656,0.799988,0.799988
Link 2,24,0.799988,0.799988,0.799988,0.799988,0.666656,0.799988,0.799988,0.799988,0.799988
Link 2,16,0.799988,0.799988,0.799988,0.799988,0.799988,0.799988,0.799988,0.799988,0.799988
Link 2,8,0.666656,0.499992,0.57142,0.57142,0.499992,0.499992,0.499992,0.499992,0.666656
Link 2,0,0.28571,0.307688,0.266663,0.222219,0.199997,0.210523,0.222219,0.266663,0.333328
Link 2,-8,0.333328,0.333328,0.28571,0.266663,0.249996,0.249996,0.266663,0.28571,0.363631
Link 2,-16,0.222219,0.235291,0.249996,0.235291,0.210523,0.249996,0.235291,0.249996,0.235291
Link 2,-24,0.222219,0.28571,0.235291,0.235291,0.235291,0.249996,0.222219,0.266663,0.235291
Link 2,-32,0.222219,0.249996,0.266663,0.249996,0.235291,0.222219,0.222219,0.235291,0.235291
Link 2,-40,0.249996,0.266663,0.249996,0.235291,0.249996,0.249996,0.222219,0.235291,0.235291
Link 2,-48,0.199997,0.249996,0.249996,0.222219,0.249996,0.235291,0.210523,0.249996,0.222219
Link 2,-56,0.199997,0.249996,0.249996,0.210523,0.249996,0.235291,0.249996,0.266663,0.199997
Link 2,-64,0.210523,0.249996,0.235291,0.222219,0.266663,0.235291,0.235291,0.235291,0.210523
Link 2,-72,0.181815,0.222219,0.222219,0.190473,0.249996,0.210523,0.222219,0.249996,0.181815
Link 2,-80,0.17391,0.235291,0.249996,0.222219,0.266663,0.199997,0.210523,0.249996,0.199997
Link 2,-88,0.190473,0.235291,0.235291,0.210523,0.266663,0.235291,0.199997,0.249996,0.222219
Link 2,-96,0.181815,0.235291,0.266663,0.210523,0.307688,0.210523,0.235291,0.249996,0.190473
Link 2,-104,0.148146,0.235291,0.235291,0.190473,0.28571,0.235291,0.235291,0.266663,0.148146
Link 2,-112,0.148146,0.249996,0.249996,0.210523,0.363631,0.235291,0.222219,0.235291,0.153844
Link 2,-120,0.148146,0.222219,0.235291,0.222219,0.307688,0.210523,0.235291,0.266663,0.199997
Link 2,Scan End
Link 3,Date and Time Started,2025-Aug-09 19:01:23
Link 3,Date and Time Ended,2025-Aug-09 19:01:24
Link 3,Scan Name,Channel 3
Link 3,Link Settings,
Link 3,Reset RX After Applying Settings,false
Link 3,Open Area,0
Link 3,Horizontal Opening,0
Link 3,Horizontal Percentage,0.00
Link 3,Vertical Opening,0
Link 3,Vertical Percentage,0.00
Link 3,Dwell,BER
Link 3,Dwell BER,1e-9
Link 3,Dwell Time,0
Link 3,Horizontal Increment,8
Link 3,Horizontal Range,-0.500 UI to 0.500 UI
Link 3,Vertical Increment,8
Link 3,Vertical Range,100%
Link 3,Misc Info,
Link 3,Scan Start
Link 3,2d statistical,-32,-24,-16,-8,0,8,16,24,32
Link 3,120,0.363631,0.57142,0.444438,0.499992,0.57142,0.499992,0.499992,0.57142,0.399994
Link 3,112,0.399994,0.57142,0.444438,0.499992,0.666656,0.57142,0.499992,0.666656,0.399994
Link 3,104,0.399994,0.499992,0.499992,0.444438,0.666656,0.499992,0.57142,0.57142,0.399994
Link 3,96,0.399994,0.444438,0.444438,0.499992,0.499992,0.57142,0.444438,0.57142,0.444438
Link 3,88,0.444438,0.499992,0.444438,0.499992,0.666656,0.499992,0.57142,0.57142,0.399994
Link 3,80,0.363631,0.57142,0.57142,0.444438,0.57142,0.57142,0.444438,0.57142,0.499992
Link 3,72,0.399994,0.499992,0.499992,0.499992,0.499992,0.499992,0.57142,0.57142,0.399994
Link 3,64,0.499992,0.57142,0.57142,0.499992,0.57142,0.57142,0.57142,0.57142,0.499992
Link 3,56,0.499992,0.499992,0.57142,0.57142,0.666656,0.499992,0.57142,0.499992,0.444438
Link 3,48,0.499992,0.499992,0.499992,0.444438,0.499992,0.57142,0.499992,0.499992,0.499992
Link 3,40,0.399994,0.57142,0.444438,0.57142,0.499992,0.444438,0.499992,0.57142,0.444438
Link 3,32,0.499992,0.444438,0.499992,0.499992,0.57142,0.444438,0.499992,0.57142,0.444438
Link 3,24,0.499992,0.57142,0.499992,0.499992,0.499992,0.499992,0.499992,0.499992,0.57142
Link 3,16,0.444438,0.444438,0.499992,0.499992,0.499992,0.444438,0.444438,0.499992,0.499992
Link 3,8,0.363631,0.333328,0.266663,0.199997,0.148146,0.166664,0.222219,0.307688,0.333328
Link 3,0,0.499992,0.399994,0.444438,0.399994,0.363631,0.444438,0.399994,0.444438,0.399994
Link 3,-8,0.499992,0.399994,0.399994,0.363631,0.399994,0.363631,0.399994,0.399994,0.499992
Link 3,-16,0.444438,0.444438,0.444438,0.499992,0.499992,0.444438,0.444438,0.499992,0.444438
Link 3,-24,0.499992,0.444438,0.444438,0.444438,0.499992,0.444438,0.399994,0.499992,0.444438
Link 3,-32,0.399994,0.499992,0.57142,0.444438,0.499992,0.444438,0.57142,0.499992,0.399994
Link 3,-40,0.444438,0.499992,0.57142,0.444438,0.499992,0.499992,0.444438,0.57142,0.399994
Link 3,-48,0.399994,0.444438,0.57142,0.444438,0.499992,0.444438,0.499992,0.444438,0.444438
Link 3,-56,0.444438,0.57142,0.499992,0.444438,0.499992,0.499992,0.444438,0.499992,0.399994
Link 3,-64,0.399994,0.444438,0.57142,0.444438,0.499992,0.444438,0.57142,0.499992,0.444438
Link 3,-72,0.399994,0.444438,0.499992,0.499992,0.499992,0.499992,0.57142,0.499992,0.363631
Link 3,-80,0.399994,0.499992,0.499992,0.444438,0.57142,0.499992,0.499992,0.499992,0.399994
Link 3,-88,0.399994,0.444438,0.57142,0.444438,0.57142,0.499992,0.57142,0.499992,0.399994
Link 3,-96,0.399994,0.57142,0.499992,0.444438,0.57142,0.499992,0.444438,0.499992,0.363631
Link 3,-104,0.363631,0.499992,0.57142,0.444438,0.499992,0.444438,0.444438,0.57142,0.363631
Link 3,-112,0.363631,0.444438,0.499992,0.444438,0.57142,0.444438,0.499992,0.499992,0.333328
Link 3,-120,0.333328,0.499992,0.499992,0.444438,0.499992,0.499992,0.499992,0.57142,0.333328
Link 3,Scan End
